专题,线索来源媒体,日期,标题,优先级P,命中规则,年份
T1_指南政策,肝胆相照平台,2024-03-24,“从0到1”的突破——儿童慢性乙型肝炎防治专家共识重磅发布！,0,专家共识,2024
T1_指南政策,肝胆相照平台,2024-05-29,「转」儿童慢性乙型肝炎防治专家共识,0,专家共识,2024
T1_指南政策,雨露肝霖,2024-05-29,「转」全文首发 ｜ 儿童慢性乙型肝炎防治专家共识,0,专家共识,2024
T1_指南政策,肝胆相照平台,2024-03-24,「转」抢先看 ｜ 《儿童慢性乙型肝炎防治专家共识》18条推荐意见,0,专家共识,2024
T1_指南政策,肝博士,2024-08-26,「转」最新《中国乙型肝炎病毒母婴传播防治指南（2024年版）》发布，聚焦十大热点临床问题！,0,防治指南.*(版|年版),2024
T1_指南政策,肝胆相照平台,2024-07-24,「转」病毒性肝炎 ｜ 贾继东尤红：世界卫生组织2024年版乙型肝炎防治指南与中国指南抗病毒治疗覆盖人群的比较,0,WHO|世界卫生组织,2024
T1_指南政策,雨露肝霖,2024-03-24,「转」重磅发布 ｜ 《儿童慢性乙型肝炎防治专家共识》18条推荐意见抢先看,0,专家共识,2024
T1_指南政策,雨露肝霖,2024-01-04,【会议撷萃】庄辉院士：《慢性乙型肝炎防治指南（2022年版）》修订要点商榷,0,防治指南.*(版|年版),2024
T1_指南政策,雨露肝霖,2024-08-22,中国乙型肝炎病毒母婴传播防治指南（2024年版）,0,防治指南.*(版|年版),2024
T1_指南政策,肝博士,2024-05-31,儿童宝宝们快快好起来~《儿童慢性乙型肝炎防治专家共识》推荐意见18条注意看,0,专家共识,2024
T1_指南政策,中华肝脏病杂志,2024-05-28,全文首发 ｜ 儿童慢性乙型肝炎防治专家共识,0,专家共识,2024
T1_指南政策,中华肝脏病杂志,2024-07-18,学术争鸣 ｜ 耿嘉蔚：《慢性乙型肝炎防治指南(2022年版)》要求HBeAg阴性慢性HBV感染者HBV DNA阴性是否合适？,0,防治指南.*(版|年版),2024
T1_指南政策,中华肝脏病杂志,2024-02-21,学术争鸣 ｜ 陈立张欣欣：《慢性乙型肝炎防治指南（2022版）》乙型肝炎病毒感染自然史分期及其内涵的再探讨,0,防治指南.*(版|年版),2024
T1_指南政策,肝胆相照平台,2024-01-02,庄辉院士：《慢性乙型肝炎防治指南(2022年版)》修订要点商榷,0,防治指南.*(版|年版),2024
T1_指南政策,中华肝脏病杂志,2024-08-28,指南与共识 ｜ 中国乙型肝炎病毒母婴传播防治指南（2024年版）,0,防治指南.*(版|年版),2024
T1_指南政策,中华肝脏病杂志,2024-03-20,指南与共识 ｜ 慢性乙型肝炎肝纤维化MRI诊断专家共识（2023年版）,0,专家共识,2024
T1_指南政策,中华肝脏病杂志,2024-08-30,指南与共识 ｜ 成人乙型肝炎疫苗接种专家建议,0,专家建议,2024
T1_指南政策,中华肝脏病杂志,2024-09-02,指南与共识 ｜ 成人乙型肝炎病毒感染筛查、检测及管理专家建议,0,专家建议,2024
T1_指南政策,肝胆相照平台,2024-02-23,最新发布 ｜《乙型病毒性肝炎全人群管理专家共识》2023版,0,专家共识,2024
T1_指南政策,临床肝胆病杂志,2024-08-26,权威发布｜中国乙型肝炎病毒母婴传播防治指南（2024年版）,0,防治指南.*(版|年版),2024
T1_指南政策,肝胆相照平台,2024-08-28,消除肝炎，积极行动 ｜ 病毒性肝炎防治指南实践工程SunShine 项目南部区域指导会顺利召开！,0,消除(病毒性)?肝炎,2024
T1_指南政策,中华肝脏病杂志,2024-07-19,病毒性肝炎 ｜ 贾继东尤红：世界卫生组织2024年版乙型肝炎防治指南与中国指南抗病毒治疗覆盖人群的比较,0,WHO|世界卫生组织,2024
T1_指南政策,中华肝脏病杂志,2024-07-23,远程教育 ｜ 2024 年国家级远程继续医学教育项目《慢性乙型肝炎防治指南(2022版)》解读,0,防治指南.*(版|年版),2024
T1_指南政策,中华肝脏病杂志,2024-03-23,重磅发布 ｜ 《儿童慢性乙型肝炎防治专家共识》18条推荐意见抢先看,0,专家共识,2024
T1_指南政策,肝胆相照平台,2023-01-06,《慢性乙型肝炎防治指南(2022年版)》33条推荐意见抢先知！,0,防治指南.*(版|年版),2023
T1_指南政策,中华肝脏病杂志,2023-08-30,「转」JCTH ｜ 慢性乙型肝炎防治指南（2022年更新版）英文版正式发表,0,防治指南.*(版|年版),2023
T1_指南政策,肝胆相照平台,2023-07-06,「转」《慢性乙型肝炎防治指南（2022年版）》更新要点解读,0,防治指南.*(版|年版),2023
T1_指南政策,肝胆相照平台,2023-02-25,「转」慢性乙型肝炎防治指南（2022年版）,0,防治指南.*(版|年版),2023
T1_指南政策,肝胆相照平台,2023-12-01,「转」指南与共识 ｜ 慢性乙型肝炎肝纤维化MRI诊断专家共识（2023年版）,0,专家共识,2023
T1_指南政策,肝胆相照平台,2023-07-24,「转」指南解读｜《慢性乙型肝炎防治指南(2022年版)》解读,0,防治指南.*(版|年版),2023
T1_指南政策,雨露肝霖,2023-02-25,「转」正式发布 ｜ 慢性乙型肝炎防治指南（2022年版）,0,防治指南.*(版|年版),2023
T1_指南政策,中华肝脏病杂志,2023-03-08,「转」重磅解读丨贾继东教授：《慢性乙型肝炎防治指南(2022年版)》十大更新要点,0,防治指南.*(版|年版),2023
T1_指南政策,中华肝脏病杂志,2023-02-24,全文首发 ｜ 慢性乙型肝炎防治指南（2022年版）,0,防治指南.*(版|年版),2023
T1_指南政策,中华肝脏病杂志,2023-12-07,学术争鸣 ｜ 荀振欧启水：对《慢性乙型肝炎防治指南（2022年版）》的商榷,0,防治指南.*(版|年版),2023
T1_指南政策,中华肝脏病杂志,2023-06-21,指南与共识 ｜ 乙型肝炎病毒标志物临床应用专家共识,0,专家共识,2023
T1_指南政策,肝胆相照平台,2023-08-07,指南共识丨乙型肝炎病毒标志物临床应用专家共识,0,专家共识,2023
T1_指南政策,临床肝胆病杂志,2023-07-05,指南解读｜《慢性乙型肝炎防治指南(2022年版)》修订过程中关于慢性HBV感染自然史的讨论,0,防治指南.*(版|年版),2023
T1_指南政策,临床肝胆病杂志,2023-07-24,指南解读｜《慢性乙型肝炎防治指南(2022年版)》解读,0,防治指南.*(版|年版),2023
T1_指南政策,中华肝脏病杂志,2023-06-20,权威解读 ｜ 《慢性乙型肝炎防治指南（2022年版）》更新要点解读,0,防治指南.*(版|年版),2023
T1_指南政策,肝胆相照平台,2023-08-30,温故知新丨贾继东教授：《慢性乙型肝炎防治指南(2022年版)》十大更新要点,0,防治指南.*(版|年版),2023
T1_指南政策,肝胆相照平台,2023-05-08,窦晓光教授：从《慢性乙型肝炎防治指南(2022年版)》向“Treat All”时代迈进,0,防治指南.*(版|年版),2023
T1_指南政策,肝胆相照平台,2023-02-27,精华版丨《慢性乙型肝炎防治指南(2022年版)》33条推荐意见速览,0,防治指南.*(版|年版),2023
T1_指南政策,肝胆相照平台,2023-03-06,重磅解读丨贾继东教授：《慢性乙型肝炎防治指南(2022年版)》十大更新要点,0,防治指南.*(版|年版),2023
T1_指南政策,雨露肝霖,2021-10-27,专家共识丨乙型病毒性肝炎相关肝细胞癌围手术期抗病毒治疗规范,0,专家共识,2021
T2_筛查,临床肝胆病杂志,2025-03-21,专家论坛｜张毓辉：海南省消除病毒性肝炎公共卫生危害工作实践,0,消除(病毒性)?肝炎,2025
T2_筛查,肝胆相照平台,2025-04-15,多维攻坚破局，聚焦国际前沿 ｜ 消除病毒性肝炎势在必得,0,消除(病毒性)?肝炎,2025
T2_筛查,临床肝胆病杂志,2025-03-13,述评｜王宇：建立公共卫生管理模式，促进消除病毒性肝炎危害,0,消除(病毒性)?肝炎,2025
T2_筛查,肝胆相照平台,2024-04-16,健康中国 ｜ 中国首个消除病毒性肝炎倡议发布：大湾区率先发起行动,0,消除(病毒性)?肝炎,2024
T2_筛查,雨露肝霖,2024-07-29,全国209家医院规范化建设乙肝临床治愈门诊，助力消除病毒性肝炎公共危害,0,消除(病毒性)?肝炎,2024
T2_筛查,肝博士,2024-07-14,前沿权威 ｜ 关于慢性乙型肝炎筛查、管理、检测、治疗的专家建议（全面、细致解读）,0,专家建议,2024
T2_筛查,肝胆相照平台,2024-04-11,明日焦点 ｜ 2024大湾区肝病国际论坛暨消除病毒性肝炎大会,0,消除(病毒性)?肝炎,2024
T2_筛查,中华肝脏病杂志,2024-07-25,权威发布 ｜ 成人乙型肝炎病毒感染筛查、检测及管理专家建议,0,专家建议,2024
T2_筛查,临床肝胆病杂志,2024-08-27,权威发布｜成人乙型肝炎病毒感染筛查、检测及管理专家建议,0,专家建议,2024
T2_筛查,肝胆相照平台,2024-07-23,林炳亮教授：《成人乙型肝炎病毒感染筛查、检测及管理专家建议》解读,0,专家建议,2024
T2_筛查,肝胆相照平台,2024-04-13,消除肝炎 我们先行 ｜ 2024大湾区肝病国际论坛暨消除病毒性肝炎大会盛大开幕,0,消除(病毒性)?肝炎,2024
T2_筛查,肝胆相照平台,2023-03-21,​主动筛查，精准检测，消除病毒性肝炎危害，中国在行动,0,消除(病毒性)?肝炎,2023
T2_筛查,雨露肝霖,2023-06-05,【全球听说】高分综述：全球乙肝病毒负担现状及消除病毒性肝炎的措施,0,消除(病毒性)?肝炎,2023
T2_筛查,肝胆相照平台,2023-04-21,中国戊型病毒性肝炎院内筛查管理流程专家共识（2023年版）,0,专家共识,2023
T2_筛查,肝胆相照平台,2023-05-08,早一点，再早一点!“消除病毒性肝炎行动”​全面加速，势在必赢！,0,消除(病毒性)?肝炎,2023
T2_筛查,肝胆相照平台,2023-10-10,最新进展 ｜ 中国消除病毒性肝炎公共卫生危害的进展,0,消除(病毒性)?肝炎,2023
T2_筛查,临床肝胆病杂志,2023-04-21,权威发布｜中国戊型病毒性肝炎院内筛查管理流程专家共识（2023年版）,0,专家共识,2023
T2_筛查,肝胆相照平台,2023-10-23,消除病毒性肝炎，我们在路上！,0,消除(病毒性)?肝炎,2023
T2_筛查,肝胆相照平台,2023-07-26,肝愈之路 ｜ 消除病毒性肝炎刻不容缓，势在必赢！,0,消除(病毒性)?肝炎,2023
T2_筛查,肝胆相照平台,2022-08-26,​云端聚会 再战肝炎丨消除病毒性肝炎，预健未来，你我同行！,0,消除(病毒性)?肝炎,2022
T2_筛查,中华肝脏病杂志,2022-03-21,《医者·心路》榜样力量丨消除病毒性肝炎，你可以永远相信中国医者,0,消除(病毒性)?肝炎,2022
T2_筛查,中华肝脏病杂志,2022-07-19,「转」庄辉院士：解读WHO 2022-2030消除病毒性肝炎行动计划,0,WHO|世界卫生组织,2022
T2_筛查,中华肝脏病杂志,2022-03-10,「转」聚焦两会丨任红总编辑：消除病毒性肝炎，应从“顶层设计”开始,0,消除(病毒性)?肝炎,2022
T2_筛查,临床肝胆病杂志,2022-03-10,「转」聚焦两会｜任红教授：消除病毒性肝炎，应从“顶层设计”开始,0,消除(病毒性)?肝炎,2022
T2_筛查,肝胆相照平台,2022-06-24,主动筛查 精准检测丨消除病毒性肝炎，吹响最强集结号,0,消除(病毒性)?肝炎,2022
T2_筛查,中华肝脏病杂志,2022-03-12,乙肝表面抗原阳性成人肝癌筛查与监测管理培训（星光项目）巡讲会暨中华肝脏病杂志“指南与共识”云解读系列会五,0,指南.*解读,2022
T2_筛查,中华肝脏病杂志,2022-03-16,加强肝癌高危患者筛查和监测，践行“健康中国2030” ——《慢性乙型肝炎病毒感染者肝细胞癌筛查和监测》解析,0,健康中国2030,2022
T2_筛查,中华肝脏病杂志,2022-03-16,成功召开：乙肝表面抗原阳性成人肝癌筛查与监测管理培训（星光项目）巡讲会暨中华肝脏病杂志“指南与共识”云解读系列会五,0,指南.*解读,2022
T2_筛查,中华肝脏病杂志,2022-04-21,成功召开：乙肝表面抗原阳性成人肝癌筛查与监测管理培训（星光项目）巡讲会暨中华肝脏病杂志“指南与共识”云解读系列会六,0,指南.*解读,2022
T2_筛查,中华肝脏病杂志,2022-02-25,成功召开：乙肝表面抗原阳性成人肝癌筛查与监测管理培训（星光项目）巡讲会暨中华肝脏病杂志“指南与共识”云解读系列会四,0,指南.*解读,2022
T2_筛查,肝胆相照平台,2022-08-09,破解--消除病毒性肝炎的核心“密钥”！,0,消除(病毒性)?肝炎,2022
T2_筛查,肝胆相照平台,2021-12-29,消除病毒性肝炎，流水要争先，靠的是绵绵不绝,0,消除(病毒性)?肝炎,2021
T2_筛查,中华肝脏病杂志,2020-07-29,免费检测打响“肝炎狙击战”， 助力消除病毒性肝炎威胁,0,消除(病毒性)?肝炎,2020
T2_筛查,中华肝脏病杂志,2024-08-07,专家论坛 ｜  庄辉院士：成人普遍筛查HBV感染和接种乙型肝炎疫苗，加速消除乙型肝炎,2,专家论坛,2024
T2_筛查,中华肝脏病杂志,2023-02-21,专家论坛 ｜ 尤红：扩大慢性乙型肝炎抗病毒治疗：更多筛查，更多治疗,2,专家论坛,2023
T2_筛查,中华肝脏病杂志,2023-08-14,学术争鸣 ｜ 陈恩强：加强一般人群的HBsAg筛查与扩大乙型肝炎抗病毒治疗适应证：势在必行,2,学术争鸣,2023
T2_筛查,临床肝胆病杂志,2022-03-30,专家论坛｜侯金林：原发性肝癌高危人群的早期预警和精准筛查,2,专家论坛,2022
T2_筛查,中华肝脏病杂志,2021-10-28,【专家论坛】慢性乙型肝炎病毒感染者肝细胞癌筛查和监测,2,专家论坛,2021
T2_筛查,中华肝脏病杂志,2024-07-24,7.28世界肝炎日 ｜ 乙型肝炎筛查和成人乙型肝炎疫苗接种专题研讨会,3,未命中,2024
T2_筛查,肝博士,2024-07-24,「转」庄辉院士：成人普遍筛查HBV感染和接种乙肝疫苗，消除乙型肝炎,3,未命中,2024
T2_筛查,肝胆相照平台,2024-08-19,南月敏教授：乙肝人群HCC筛查、监测的重要性及检测手段的探讨,3,未命中,2024
T2_筛查,肝胆相照平台,2024-07-19,庄辉院士：成人普遍筛查HBV感染和接种乙肝疫苗，消除乙型肝炎,3,未命中,2024
T2_筛查,肝癌在线,2024-04-24,滕皋军院士解读新版《指南》：肝癌高危人群多久筛查一次？,3,未命中,2024
T2_筛查,中华肝脏病杂志,2024-05-09,肝癌 ｜ 谢婵高志良：多组学联合检测可对肝癌高危人群进行有效机会性筛查,3,未命中,2024
T2_筛查,肝癌在线,2024-07-04,肝癌高危人群应该如何筛查？2024版原发性肝癌诊疗指南相关更新,3,未命中,2024
T2_筛查,雨露肝霖,2023-12-06,【AASLD2023速递】年龄、健康状况、受教育程度及收入水平等与病毒性肝炎患者的肝癌筛查依从性相关,3,未命中,2023
T3_治疗策略,临床肝胆病杂志,2023-07-06,指南解读｜慢性乙型肝炎抗病毒治疗适应证的变迁,0,指南.*解读,2023
T3_治疗策略,雨露肝霖,2016-11-07,一图读懂伴有肾脏损伤的慢性乙型肝炎患者抗病毒治疗专家共识,0,专家共识,2016
T3_治疗策略,临床肝胆病杂志,2016-11-04,伴有肾脏损伤及其高危风险的慢性乙型肝炎患者抗病毒治疗专家共识,0,专家共识,2016
T3_治疗策略,临床肝胆病杂志,2014-07-15,慢性乙型肝炎特殊患者抗病毒治疗专家共识：2014年更新,0,专家共识,2014
T3_治疗策略,中华肝脏病杂志,2024-07-30,「转」JCTH｜扩大慢性乙型肝炎治疗：中国距离“全治”策略还有多远,1,NEJM|Lancet|J Hepatol|Gastroenterology|Hepatology|JOH|JCTH,2024
T3_治疗策略,雨露肝霖,2023-05-11,【期刊导读】崔富强庄辉张磊：尽早扩大慢性乙型肝炎抗病毒治疗极具成本效益！,1,期刊导读,2023
T3_治疗策略,雨露肝霖,2023-03-31,【期刊导读】陈新月郑素军教授团队：扩大抗病毒治疗适应证可使更多有疾病进展风险的慢性HBV感染者接受抗病毒治疗,1,期刊导读,2023
T3_治疗策略,中华肝脏病杂志,2022-01-25,「转」JCTH精彩论文 ｜ 儿童慢性乙型肝炎抗病毒治疗疗效及其影响因素,1,NEJM|Lancet|J Hepatol|Gastroenterology|Hepatology|JOH|JCTH,2022
T3_治疗策略,雨露肝霖,2022-12-23,【期刊导读】扩大抗病毒治疗适应证有利于改善肝脏不良结局发生风险,1,期刊导读,2022
T3_治疗策略,中华肝脏病杂志,2022-01-24,【综述】王福生：儿童慢性乙型肝炎抗病毒治疗与临床治愈：进展与挑战,1,临床治愈,2022
T3_治疗策略,临床肝胆病杂志,2022-07-08,中国数据｜CR-HepB研究组：抗病毒治疗适应证变化对提高慢性乙型肝炎治疗率的影响,1,中国.*研究,2022
T3_治疗策略,雨露肝霖,2021-09-30,【期刊导读】ALT持续正常的慢性HBV感染的抗病毒治疗：争议与共识,1,期刊导读,2021
T3_治疗策略,雨露肝霖,2020-10-28,【期刊导读】慢乙肝患者启动抗病毒治疗的东亚专家意见：扩大适应证,1,期刊导读,2020
T3_治疗策略,肝胆相照平台,2024-05-21,「转」专家论坛 ｜ 胡鹏：慢性乙型肝炎抗病毒治疗新药研究进展,2,专家论坛,2024
T3_治疗策略,中华肝脏病杂志,2024-06-17,专家论坛 ｜  王福生：儿童慢性乙型肝炎抗病毒治疗的临床研究新进展,2,专家论坛,2024
T3_治疗策略,中华肝脏病杂志,2024-05-15,专家论坛 ｜ 胡鹏：慢性乙型肝炎抗病毒治疗新药研究进展,2,专家论坛,2024
T3_治疗策略,临床肝胆病杂志,2024-06-05,专家论坛｜傅蕾：儿童HBV感染—— ALT水平正常患儿的抗病毒治疗,2,专家论坛,2024
T3_治疗策略,临床肝胆病杂志,2024-06-04,专家论坛｜盛秋菊丁洋：年龄&gt;30岁、ALT水平正常HBV感染孕妇的抗病毒治疗时机,2,专家论坛,2024
T3_治疗策略,中华肝脏病杂志,2024-06-13,述评 ｜ 尤红：从全球视角看慢性乙型肝炎扩大治疗新理念,2,述评,2024
T3_治疗策略,临床肝胆病杂志,2024-05-29,述评｜窦晓光：关注慢性乙型肝炎特殊人群抗病毒治疗时机及治疗策略,2,述评,2024
T3_治疗策略,肝胆相照平台,2023-08-23,「转」述评｜庄辉院士：高正常ALT慢性乙型肝炎患者应否启动抗病毒治疗,2,述评,2023
T3_治疗策略,中华肝脏病杂志,2023-05-19,专家论坛 ｜ 谢青：HBeAg阳性且高病毒载量ALT正常慢性HBV感染患者应尽早抗病毒治疗,2,专家论坛,2023
T3_治疗策略,临床肝胆病杂志,2023-02-08,专家论坛｜侯金林：关于《扩大慢性乙型肝炎抗病毒治疗的专家意见》的几点思考,2,专家论坛,2023
T3_治疗策略,临床肝胆病杂志,2023-02-13,专家论坛｜尤红：扩大慢性乙型肝炎初始治疗：降低ALT治疗阈值,2,专家论坛,2023
T3_治疗策略,临床肝胆病杂志,2023-02-10,专家论坛｜窦晓光：扩大慢性乙型肝炎抗病毒治疗适应证：利大于弊,2,专家论坛,2023
T3_治疗策略,中华肝脏病杂志,2023-10-24,学术争鸣 ｜ 孙丽华：再行动！应用慢病健康管理理念扩大慢性乙型肝炎抗病毒治疗指征,2,学术争鸣,2023
T3_治疗策略,中华肝脏病杂志,2023-02-20,述评 ｜ 徐小元：从慢性乙型肝炎病毒感染分期角度对扩大抗病毒治疗适应证的思考,2,述评,2023
T3_治疗策略,中华肝脏病杂志,2023-05-17,述评 ｜ 窦晓光：慢性乙型肝炎抗病毒治疗：从不断扩大治疗到全面治疗势在必行,2,述评,2023
T3_治疗策略,临床肝胆病杂志,2023-10-31,述评｜庄辉院士：不确定期慢性乙型肝炎抗病毒治疗再探讨,2,述评,2023
T3_治疗策略,临床肝胆病杂志,2023-08-22,述评｜庄辉院士：高正常ALT慢性乙型肝炎患者应否启动抗病毒治疗,2,述评,2023
T3_治疗策略,中华肝脏病杂志,2022-01-18,【学术争鸣】王德扬：慢性乙型肝炎病毒感染者启动抗病毒治疗的ALT阈值评价及建议,2,学术争鸣,2022
T3_治疗策略,中华肝脏病杂志,2022-12-28,学术争鸣 ｜ 张欣欣：持续ALT正常的慢性HBV感染者启动抗病毒治疗时应充分考虑年龄与家族史,2,学术争鸣,2022
T3_治疗策略,临床肝胆病杂志,2022-07-20,学术争鸣｜扩大慢性乙型肝炎抗病毒治疗应重视ALT正常、年龄≤30岁的HBeAg阴性慢性HBV感染者,2,学术争鸣,2022
T3_治疗策略,中华肝脏病杂志,2022-05-20,学术争鸣｜黄缘：慢性乙型肝炎患者启动抗病毒治疗：无需兼备年龄和家族史,2,学术争鸣,2022
T3_治疗策略,中华肝脏病杂志,2022-04-22,征文通知｜关于对《扩大慢性乙型肝炎抗病毒治疗的专家意见》学术争鸣征文启事,2,学术争鸣,2022
T3_治疗策略,中华肝脏病杂志,2021-10-20,【学术争鸣 】唐红：关于慢性乙型肝炎病毒感染者启动抗病毒治疗ALT阈值的几点思考,2,学术争鸣,2021
T3_治疗策略,中华肝脏病杂志,2021-12-13,【学术争鸣】尚佳：慢性乙型肝炎启动抗病毒治疗ALT阈值应个体化评估,2,学术争鸣,2021
T3_治疗策略,中华肝脏病杂志,2021-10-19,【学术争鸣】庄辉院士：慢性乙型肝炎启动治疗的ALT阈值应否修订？,2,学术争鸣,2021
T3_治疗策略,中华肝脏病杂志,2021-12-14,【学术争鸣】张欣欣：慢性乙型肝炎抗病毒治疗的丙氨酸转氨酶阈值是否应当修订,2,学术争鸣,2021
T3_治疗策略,中华肝脏病杂志,2021-11-29,【学术争鸣】胡鹏：较低ALT阈值水平启动慢性乙型肝炎病毒感染者抗病毒治疗有益于获得更好的远期临床结局,2,学术争鸣,2021
T3_治疗策略,中华肝脏病杂志,2021-10-26,【学术争鸣】谢雯：慢性乙型肝炎病毒感染者启动抗病毒治疗的ALT阈值需要降低,2,学术争鸣,2021
T3_治疗策略,中华肝脏病杂志,2021-10-21,【学术争鸣】赵鸿：丙氨酸转氨酶正常慢性乙型肝炎病毒感染者启动抗病毒治疗的恰当指标,2,学术争鸣,2021
T3_治疗策略,中华肝脏病杂志,2021-10-25,【学术争鸣】陈新月：慢性乙型肝炎启动抗病毒治疗的ALT阈值探讨,2,学术争鸣,2021
T3_治疗策略,肝胆相照平台,2021-07-07,学术争鸣： ALT正常的慢性HBV感染者是否应该抗病毒治疗？,2,学术争鸣,2021
T3_治疗策略,中华肝脏病杂志,2020-12-30,【专家论坛】桂红莲 谢青：ALT正常的慢性HBV感染者的抗病毒治疗时机选择,2,专家论坛,2020
T3_治疗策略,中华肝脏病杂志,2023-05-16,《中华肝脏病杂志》2023年3期重点号：CHB抗病毒治疗从不断扩大治疗到全面治疗,3,未命中,2023
T3_治疗策略,临床肝胆病杂志,2023-02-21,「转」APASL 2023 ｜ 乙型肝炎患者停止抗病毒治疗的长期预后,3,未命中,2023
T3_治疗策略,肝胆相照平台,2023-01-17,「转」庄辉院士：为什么要扩大慢性乙型肝炎的抗病毒治疗？,3,未命中,2023
T3_治疗策略,肝胆相照平台,2023-02-13,「转」窦晓光教授：扩大慢性乙型肝炎抗病毒治疗适应证：利大于弊,3,未命中,2023
T3_治疗策略,雨露肝霖,2023-12-12,【AASLD2023速递】扩大抗病毒治疗，去除ALT水平限制可使符合治疗条件的人数增加75%以上,3,未命中,2023
T3_治疗策略,临床肝胆病杂志,2023-02-01,全网首发｜《临床肝胆病杂志》2023年第1期“扩大慢性乙型肝炎抗病毒治疗”重点号（执行主编：庄辉）,3,未命中,2023
T3_治疗策略,中华肝脏病杂志,2023-02-27,成功举办：“ 慢性乙型肝炎治疗：从扩大治疗到全部治疗 ”专题研讨会暨《中华肝脏病杂志》2023年3期重点号组稿会,3,未命中,2023
T4A_初治,肝脏时间,2019-10-01,官方确认！恩替卡韦最低0.182元片，替诺福韦0.299元片，执行时间,0,官方,2019
T4A_初治,雨露肝霖,2024-02-23,【期刊导读】恩替卡韦或替诺福韦酯停药后累积临床复发率超50%，停药后HBcrAg的动态变化可预测,1,期刊导读,2024
T4A_初治,肝胆相照平台,2023-07-04,EASL 2023丨恩替卡韦替诺福韦用于HBV-HCC患者，哪个预后更好？韩国大型队列研究给你答案！,1,队列,2023
T4A_初治,肝癌在线,2023-04-04,JOH ｜ 接受替诺福韦与恩替卡韦治疗的慢性乙型肝炎患者的HCC风险对比：单病例meta分析,1,NEJM|Lancet|J Hepatol|Gastroenterology|Hepatology|JOH|JCTH,2023
T4A_初治,肝癌在线,2023-07-13,「转」EASL 2023丨恩替卡韦替诺福韦用于HBV-HCC患者，哪个预后更好？韩国大型队列研究给你答案！,1,队列,2023
T4A_初治,肝胆相照平台,2023-04-19,「转」JOH ｜ 接受替诺福韦与恩替卡韦治疗的慢性乙型肝炎患者的HCC风险对比：单病例meta分析,1,NEJM|Lancet|J Hepatol|Gastroenterology|Hepatology|JOH|JCTH,2023
T4A_初治,临床肝胆病杂志,2023-01-28,学术前沿｜J Hepatol：替诺福韦 vs 恩替卡韦治疗慢性乙型肝炎发生肝细胞癌的风险比较——单病例Meta分析,1,荟萃分析|系统评价|Meta,2023
T4A_初治,肝癌在线,2022-02-17,「转」替诺福韦 vs. 恩替卡韦：哪个更能降低慢乙肝患者肝癌风险？ ｜ 最新Meta分析,1,荟萃分析|系统评价|Meta,2022
T4A_初治,雨露肝霖,2021-10-14,【期刊导读】恩替卡韦联合干扰素α治疗降低慢乙肝患者肝癌和肝外癌发生风险显著优于恩替卡韦单药,1,期刊导读,2021
T4A_初治,肝癌在线,2021-03-16,法国队列研究显示：替诺福韦和恩替卡韦治疗HBV慢性感染的5年HCC发生率相似,1,队列,2021
T4A_初治,临床肝胆病杂志,2020-07-03,Hepatology：替诺福韦相比恩替卡韦可显著改善HBV相关性肝细胞癌患者肝切除术后复发,1,NEJM|Lancet|J Hepatol|Gastroenterology|Hepatology|JOH|JCTH,2020
T4A_初治,临床肝胆病杂志,2020-10-29,J Hepatology：长期应用恩替卡韦或替诺福韦的慢性乙型肝炎白种人患者肝细胞癌发生风险相似,1,NEJM|Lancet|J Hepatol|Gastroenterology|Hepatology|JOH|JCTH,2020
T4A_初治,临床肝胆病杂志,2020-11-19,Lancet子刊：下定论？替诺福韦与恩替卡韦治疗慢性乙型肝炎发生肝细胞癌的荟萃分析,1,荟萃分析|系统评价|Meta,2020
T4A_初治,临床肝胆病杂志,2019-10-21,Gastroenterology｜中国数据——肝癌风险：替诺福韦＜恩替卡韦,1,NEJM|Lancet|J Hepatol|Gastroenterology|Hepatology|JOH|JCTH,2019
T4A_初治,临床肝胆病杂志,2019-04-09,J Hepatol：恩替卡韦与替诺福韦对慢性乙型肝炎初治患者预后影响的比较——一项来自韩国的多中心研究,1,NEJM|Lancet|J Hepatol|Gastroenterology|Hepatology|JOH|JCTH,2019
T4A_初治,肝脏时间,2019-03-11,JOH：慢乙肝患者中的替诺福韦耐药问题,1,NEJM|Lancet|J Hepatol|Gastroenterology|Hepatology|JOH|JCTH,2019
T4A_初治,临床肝胆病杂志,2019-04-09,回顾｜JAMA Oncol∶ 恩替卡韦与替诺福韦治疗的慢性乙型肝炎患者发生肝细胞癌的风险：一项韩国全国队列研究,1,队列,2019
T4A_初治,临床肝胆病杂志,2018-09-29,JAMA Oncol∶ 恩替卡韦与替诺福韦治疗的慢性乙型肝炎患者发生肝细胞癌的风险：一项韩国全国队列研究,1,队列,2018
T4A_初治,肝脏时间,2017-07-24,Hepatology：治疗多重耐药慢乙肝　替诺福韦（TDF）单药治疗或可搞定！,1,NEJM|Lancet|J Hepatol|Gastroenterology|Hepatology|JOH|JCTH,2017
T4A_初治,临床肝胆病杂志,2025-06-03,临床研究｜恩替卡韦与富马酸丙酚替诺福韦初治慢性乙型肝炎患者的肾功能变化比较及影响因素分析,3,未命中,2025
T4A_初治,中华肝脏病杂志,2025-01-21,病毒性肝炎 ｜ 张济深胡小雄：艾米替诺福韦和丙酚替诺福韦对机体脂质代谢的影响比较,3,未命中,2025
T4A_初治,肝胆相照平台,2023-11-24,AASLD报道 ｜ 一项替诺福韦与恩替卡韦在预防肝细胞癌和死亡方面的比较结果,3,未命中,2023
T4A_初治,肝脏时间,2023-02-17,APASL2023：ALG-000184联合恩替卡韦在HBeAg阳性慢乙肝中表现出优异抗病毒活性,3,未命中,2023
T4A_初治,肝癌在线,2023-12-06,「转」AASLD 2023 ｜ 一项替诺福韦与恩替卡韦在预防肝细胞癌和死亡方面的比较结果,3,未命中,2023
T4A_初治,肝病知识,2023-09-07,乙肝吃恩替卡韦，最多能吃几年？,3,未命中,2023
T4A_初治,肝病知识,2023-04-15,乙肝病人，只吃恩替卡韦片行不行？,3,未命中,2023
T4A_初治,肝病知识,2023-09-10,乙肝病人，都适合服用恩替卡韦吗？,3,未命中,2023
T4A_初治,肝病知识,2023-09-04,恩替卡韦，一般需要吃几年？,3,未命中,2023
T4A_初治,肝病知识,2023-04-09,恩替卡韦，最多可以吃几年？,3,未命中,2023
T4A_初治,肝病知识,2023-11-04,恩替卡韦，服用的注意事项,3,未命中,2023
T4A_初治,中华肝脏病杂志,2023-05-06,病毒性肝炎 ｜ 刘丽萍葛善飞：恩替卡韦经治后低病毒血症的慢性乙型肝炎患者序贯联合富马酸丙酚替诺福韦治疗的疗效及影响因素分析,3,未命中,2023
T4A_初治,中华肝脏病杂志,2023-05-29,病毒性肝炎 ｜ 艾米替诺福韦治疗HBeAg阳性高病毒血症慢性乙型肝炎口服一线核苷（酸）类似物经治不完全应答患者的临床疗效分析,3,未命中,2023
T4A_初治,肝癌在线,2022-07-05,「转」EASL 2022 ｜ 降低慢乙肝患者肝癌风险：替诺福韦还是恩替卡韦？,3,未命中,2022
T4A_初治,肝病知识,2022-02-01,吃恩替卡韦，乙肝却恶化了,3,未命中,2022
T4A_初治,肝病知识,2022-02-02,恩替卡韦，一定要空腹吗？,3,未命中,2022
T4A_初治,肝癌在线,2022-06-13,骨肾安全、一线优选！乙肝抗病毒治疗热点讨论,3,未命中,2022
T4B_临床治愈,雨露肝霖,2025-03-07,珠峰工程项目 ｜ 全球最大乙肝临床治愈研究队列实现治愈“8848”，助力“健康中国2030”战略,0,健康中国2030,2025
T4B_临床治愈,雨露肝霖,2025-04-27,APASL2025丨赢领项目阶段性数据：干扰素经治慢乙肝患者接受聚乙二醇干扰素α-2b再治疗24周的HBsAg清除率达40%,1,HBsAg(清除|阴转|血清学转换),2025
T4B_临床治愈,雨露肝霖,2025-04-17,APASL2025速递丨珠峰项目7年数据公布，核苷经治慢乙肝患者基于聚乙二醇干扰素α-2b治疗的临床治愈率超30%,1,临床治愈,2025
T4B_临床治愈,雨露肝霖,2025-01-20,“家系无忧”项目在西安启动——评估聚乙二醇干扰素α-2b治疗不良结局家族聚集性慢性HBV感染者远期结局的真实世界研究,1,真实世界,2025
T4B_临床治愈,雨露肝霖,2025-04-07,【APASL2025速递】“绿洲”项目：聚乙二醇干扰素α治疗HBsAg低水平的核苷经治慢乙肝患者96周HBsAg清除率超50%,1,HBsAg(清除|阴转|血清学转换),2025
T4B_临床治愈,雨露肝霖,2025-06-09,【名家访谈】谢青教授：干扰素经治患者再启动干扰素治疗仍有较大机会获临床治愈,1,临床治愈,2025
T4B_临床治愈,雨露肝霖,2025-01-24,【愈见乙肝2024】有肝癌家族史的HBeAg阳性慢乙肝患者经多次聚乙二醇干扰素α联合治疗获HBeAg和HBsAg清除,1,HBsAg(清除|阴转|血清学转换),2025
T4B_临床治愈,雨露肝霖,2025-03-13,【期刊导读】“绿洲”项目成果：聚乙二醇干扰素α-2b治疗48周的HBsAg清除预测模型,1,期刊导读,2025
T4B_临床治愈,雨露肝霖,2025-03-17,【期刊导读】聚乙二醇干扰素α联合核苷治疗HBsAg低水平慢乙肝患者的HBsAg清除率达40.98%,1,期刊导读,2025
T4B_临床治愈,雨露肝霖,2025-01-10,【期刊导读】荟萃分析：加用聚乙二醇干扰素α治疗可显著提高核苷经治慢乙肝患者的HBsAg清除率及血清学转换率,1,荟萃分析|系统评价|Meta,2025
T4B_临床治愈,肝博士,2025-04-11,我国多个乙肝临床治愈研究项目发布最新成果：治愈率超30% ｜ 肝癌风险降低85% ｜ HBsAg清除率超60%,1,临床治愈,2025
T4B_临床治愈,雨露肝霖,2024-11-14,“容愈项目”顺利完成干扰素组入组目标，聚乙二醇干扰素α-2b组48周HBsAg清除率达53%,1,HBsAg(清除|阴转|血清学转换),2024
T4B_临床治愈,雨露肝霖,2024-11-21,「转」AASLD中国之声丨张鸿飞教授：“萌芽”项目中期结果揭晓——聚乙二醇干扰素α-2b联合治疗策略为儿童乙肝临床治愈点亮希望,1,临床治愈,2024
T4B_临床治愈,雨露肝霖,2024-05-28,【EASL2024速递】聚乙二醇干扰素α能显著提高核苷停药复发慢乙肝患者的HBsAg清除率,1,HBsAg(清除|阴转|血清学转换),2024
T4B_临床治愈,雨露肝霖,2024-04-11,【临床治愈集结号】免疫耐受期慢乙肝儿童采用聚乙二醇干扰素α联合ETV治疗获HBsAg清除,1,临床治愈,2024
T4B_临床治愈,雨露肝霖,2024-03-13,【临床治愈集结号】核苷经治慢乙肝患者联合聚乙二醇干扰素α和胸腺肽α1治疗获HBsAg血清学转换且cccDNA清除,1,临床治愈,2024
T4B_临床治愈,雨露肝霖,2024-07-01,【名家访谈】彭劼教授：干扰素α治疗的慢乙肝患者甲状腺功能异常与HBsAg清除相关,1,HBsAg(清除|阴转|血清学转换),2024
T4B_临床治愈,雨露肝霖,2024-08-16,【愈见乙肝2024】低病毒血症慢乙肝患者经聚乙二醇干扰素α联合治疗获临床治愈,1,临床治愈,2024
T4B_临床治愈,雨露肝霖,2024-12-26,【愈见乙肝2024】有肝硬化和肝癌家族史的核苷经治慢乙肝母子经基于聚乙二醇干扰素α的治疗同获HBsAg清除,1,HBsAg(清除|阴转|血清学转换),2024
T4B_临床治愈,雨露肝霖,2024-04-22,【期刊导读】HBsAg清除预测：基因多态性可预测慢乙肝患者基于干扰素α治疗的HBsAg清除,1,期刊导读,2024
T4B_临床治愈,雨露肝霖,2024-09-06,【期刊导读】系统评价和荟萃分析：聚乙二醇干扰素α初始联合核苷与聚乙二醇干扰素α单药治疗慢乙肝的疗效比较,1,荟萃分析|系统评价|Meta,2024
T4B_临床治愈,雨露肝霖,2024-07-04,【期刊导读】经聚乙二醇干扰素α治疗获得HBsAg清除后联合乙肝疫苗可增强免疫应答，提高HBsAg血清学转换率,1,期刊导读,2024
T4B_临床治愈,雨露肝霖,2024-06-25,【期刊导读】综述：基于干扰素治疗策略实现临床治愈,1,期刊导读,2024
T4B_临床治愈,雨露肝霖,2024-10-15,【期刊导读】聚乙二醇干扰素α治疗可显著降低核苷停药慢乙肝患者的复发率，并可提升HBsAg清除率,1,期刊导读,2024
T4B_临床治愈,雨露肝霖,2024-08-22,【期刊导读】高志良林炳亮教授团队探索乙肝临床治愈新机制：聚乙二醇干扰素α促进慢乙肝患者HBsAg清除或与肝脂肪变性有关,1,期刊导读,2024
T4B_临床治愈,雨露肝霖,2023-10-20,【AASLD2023速递】基于聚乙二醇干扰素α治疗获临床治愈后继续核苷巩固治疗无明显获益,1,临床治愈,2023
T4B_临床治愈,雨露肝霖,2023-06-14,【EASL2023速递】非活动性HBsAg携带状态人群和核苷经治慢乙肝患者经聚乙二醇干扰素α治疗48周的临床治愈率均达45%以上,1,临床治愈,2023
T4B_临床治愈,雨露肝霖,2023-12-20,【临床治愈集结号】核苷经治优势患者采取基于聚乙二醇干扰素α的联合、延长、及巩固治疗策略实现临床治愈,1,临床治愈,2023
T4B_临床治愈,雨露肝霖,2023-12-15,【临床治愈集结号】核苷经治后HBsAg＞1500 IUmL的慢乙肝患者通过聚乙二醇干扰素α间歇治疗实现临床治愈,1,临床治愈,2023
T4B_临床治愈,雨露肝霖,2023-03-15,【临床治愈集结号】核苷经治的育龄期女性产后采用聚乙二醇干扰素α联合治疗获HBeAg和HBsAg清除,1,临床治愈,2023
T4B_临床治愈,雨露肝霖,2023-03-23,【临床治愈集结号】首次干扰素α治疗应答不佳的慢乙肝患者采用聚乙二醇干扰素α再治疗13周即获得HBsAg清除,1,临床治愈,2023
T4B_临床治愈,雨露肝霖,2023-08-22,【期刊导读】HBeAg阴性慢乙肝患者核苷停药后40%复发，聚乙二醇干扰素α-2b治疗有助于免疫恢复，HBsAg清除率达27%,1,期刊导读,2023
T4B_临床治愈,雨露肝霖,2023-03-27,【期刊导读】李国军宋建新教授团队：非活动性HBsAg携带人群和核苷经治慢乙肝患者经聚乙二醇干扰素α治疗的临床治愈率均超过30%,1,期刊导读,2023
T4B_临床治愈,雨露肝霖,2023-04-17,【期刊导读】聚乙二醇干扰素α联合核苷酸类似物or核苷类似物？哪个疗效更优？,1,期刊导读,2023
T4C_干扰素,雨露肝霖,2025-01-06,【期刊导读】再次证实：聚乙二醇干扰素α-2b治疗代偿期乙肝肝硬化的安全性良好,1,期刊导读,2025
T4C_干扰素,雨露肝霖,2024-12-10,【临床治愈集结号】HBsAg、HBeAg及HBV DNA高水平的免疫活动期低龄慢乙肝儿童经基于聚乙二醇干扰素α的治疗夺金,1,临床治愈,2024
T4C_干扰素,雨露肝霖,2024-07-12,【临床治愈集结号】HBsAg高水平的HBeAg阳性慢乙肝母女经基于聚乙二醇干扰素α的治疗同获HBsAg血清学转换,1,临床治愈,2024
T4C_干扰素,雨露肝霖,2024-12-16,【新药进展】Xalnesiran联合治疗II期结果发表NEJM：联用聚乙二醇干扰素α组的HBsAg清除率及血清学转换率均最高,1,NEJM|Lancet|J Hepatol|Gastroenterology|Hepatology|JOH|JCTH,2024
T4C_干扰素,雨露肝霖,2024-03-04,【期刊导读】IL-6基因多态性可预测聚乙二醇干扰素α的治疗应答,1,期刊导读,2024
T4C_干扰素,雨露肝霖,2024-09-12,【期刊导读】基线HBcrAg水平可预测聚乙二醇干扰素α的治疗疗效,1,期刊导读,2024
T4C_干扰素,雨露肝霖,2024-02-26,【期刊导读】慢乙肝患者生活质量和病毒学应答：接受聚乙二醇干扰素α治疗的显著更高,1,期刊导读,2024
T4C_干扰素,雨露肝霖,2024-01-25,【期刊导读】提高临床治愈率新探索：TRIM22基因多态性或可提高HBeAg阳性慢乙肝患者对聚乙二醇干扰素α的治疗应答,1,期刊导读,2024
T4C_干扰素,雨露肝霖,2024-09-18,【期刊导读】聚乙二醇干扰素α-2b联合TAF治疗慢乙肝儿童疗效和安全性良好,1,期刊导读,2024
T4C_干扰素,雨露肝霖,2024-02-02,【期刊导读】聚乙二醇干扰素α-2b联合恩替卡韦治疗有利于慢乙肝儿童实现临床治愈,1,期刊导读,2024
T4C_干扰素,雨露肝霖,2024-08-07,【期刊导读】荟萃分析：基线HBsAg水平可预测聚乙二醇干扰素α治疗慢乙肝患者的临床治愈率,1,荟萃分析|系统评价|Meta,2024
T4C_干扰素,雨露肝霖,2023-12-08,【愈见乙肝2023】低龄初治慢乙肝儿童经聚乙二醇干扰素α间歇治疗获临床治愈,1,临床治愈,2023
T4C_干扰素,雨露肝霖,2023-04-10,【期刊导读】低病毒血症慢乙肝患者联合聚乙二醇干扰素α治疗的疗效更佳,1,期刊导读,2023
T4C_干扰素,雨露肝霖,2023-07-17,【期刊导读】疗效预测新指标TRIM38：聚乙二醇干扰素α可诱导其表达，提升抗病毒疗效,1,期刊导读,2023
T4C_干扰素,雨露肝霖,2022-09-05,【期刊导读】新证据：再治疗临床治愈率超80%——临床治愈后复发的慢乙肝患者经聚乙二醇干扰素α再治疗，疗效依然显著,1,期刊导读,2022
T4C_干扰素,雨露肝霖,2022-10-24,【期刊导读】新证据：首次干扰素α治疗应答不佳的慢乙肝患者再次启用聚乙二醇干扰素α-2b治疗，同样可获得较高的临床治愈率,1,期刊导读,2022
T4C_干扰素,雨露肝霖,2022-11-24,【期刊导读】聚乙二醇干扰素α-2b加用治疗可显著改善核苷经治慢乙肝患者的肾功能,1,期刊导读,2022
T4C_干扰素,雨露肝霖,2022-08-22,【期刊导读】聚乙二醇干扰素α治疗初治慢乙肝儿童和青少年可获得更高的HBsAg和HBeAg清除率,1,期刊导读,2022
T4C_干扰素,雨露肝霖,2022-03-10,【期刊导读】铁调素与聚乙二醇干扰素α治疗慢乙肝患者的疗效有关,1,期刊导读,2022
T4C_干扰素,雨露肝霖,2022-12-27,【期刊导读】黄玉仙陈良张继明教授团队：加用或换用聚乙二醇干扰素α提升核苷经治HBeAg阳性慢乙肝患者的治疗疗效,1,期刊导读,2022
T4C_干扰素,雨露肝霖,2021-01-14,【期刊导读】HBV RNA与聚乙二醇干扰素α治疗的慢乙肝患者肝内cccDNA显著相关,1,期刊导读,2021
T4C_干扰素,雨露肝霖,2021-03-08,【期刊导读】日本研究：聚乙二醇干扰素α单药治疗慢乙肝中HBsAg应答的重要影响因素,1,期刊导读,2021
T4C_干扰素,雨露肝霖,2021-01-08,【期刊导读】研究进展综述：鉴别最有可能对聚乙二醇干扰素α有应答的慢乙肝患者,1,期刊导读,2021
T4C_干扰素,雨露肝霖,2021-09-16,【期刊导读】聚乙二醇干扰素α治疗中ALT急性升高与HBsAg和HBV RNA快速下降相关,1,期刊导读,2021
T4C_干扰素,雨露肝霖,2021-02-24,【期刊导读】聚乙二醇干扰素α治疗可显著提高慢乙肝患者NK细胞的频率和功能,1,期刊导读,2021
T4C_干扰素,雨露肝霖,2021-05-20,【期刊导读】聚乙二醇干扰素α的治疗增强慢乙肝患者NK细胞对Tregs增殖分化的抑制作用,1,期刊导读,2021
T4C_干扰素,临床肝胆病杂志,2021-03-09,外刊精读｜Hepatol Int：聚乙二醇干扰素序贯核苷类似物治疗HBeAg阳性慢性乙型肝炎患者的疗效评价,1,外刊精读,2021
T4C_干扰素,雨露肝霖,2020-10-21,【临床治愈相关争议探讨】基于聚乙二醇干扰素α治疗优势人群的优化策略关键问题,1,临床治愈,2020
T4C_干扰素,雨露肝霖,2020-08-28,【临床治愈集结号】低龄高病毒载量儿童慢乙肝患者适时启用聚乙二醇干扰素α治疗获得HBsAg血清学转换,1,临床治愈,2020
T4C_干扰素,雨露肝霖,2020-07-23,【临床治愈集结号】慢乙肝代偿期肝硬化患者经聚乙二醇干扰素α治疗成功获得临床治愈，并实现肝硬化逆转,1,临床治愈,2020
T4C_干扰素,雨露肝霖,2020-08-20,【临床治愈集结号】获得“银牌”停药后复发的慢乙肝患者重启聚乙二醇干扰素α治疗追求“金牌”,1,临床治愈,2020
T4C_干扰素,雨露肝霖,2020-10-22,【期刊导读】ALT正常或轻微升高的慢乙肝患者抗病毒疗效：聚乙二醇干扰素α显著优于核苷,1,期刊导读,2020
T4C_干扰素,雨露肝霖,2020-09-03,【期刊导读】我国最新研究再次证实聚乙二醇干扰素α治疗儿童和青少年慢乙肝安全且临床治愈率高,1,期刊导读,2020
T4C_干扰素,雨露肝霖,2020-10-14,【期刊导读】提高初治HBeAg阴性慢乙肝患者的临床治愈率：根据早期HBsAg水平适当延长聚乙二醇干扰素α的治疗疗程,1,期刊导读,2020
T4C_干扰素,雨露肝霖,2020-08-13,【期刊导读】荟萃分析：延长聚乙二醇干扰素α治疗可增加慢乙肝患者临床治愈率,1,荟萃分析|系统评价|Meta,2020
T4C_干扰素,雨露肝霖,2020-10-15,【期刊导读】韩国研究证实聚乙二醇干扰素α治疗慢乙肝患者停药后的延迟应答率佳且远期不良结局发生风险极低,1,期刊导读,2020
T4C_干扰素,雨露肝霖,2019-03-01,【APASL 2019】聚乙二醇干扰素α助力慢乙肝患者实现临床治愈,1,临床治愈,2019
T4C_干扰素,雨露肝霖,2019-04-02,【EASL 2019】聚乙二醇干扰素α + 恩替卡韦 + 乙肝疫苗可提高慢乙肝临床治愈率,1,临床治愈,2019
T4C_干扰素,雨露肝霖,2019-01-14,【期刊导读】恩替卡韦加用换用聚乙二醇干扰素可增加慢乙肝患者HBsAg清除率,1,期刊导读,2019
T4C_干扰素,雨露肝霖,2019-08-06,【期刊导读】聚乙二醇干扰素α治疗HBeAg阳性CHB儿童患者可促进其HBV特异性T细胞应答,1,期刊导读,2019
T4C_干扰素,雨露肝霖,2019-08-16,【期刊导读】聚乙二醇干扰素α治疗中国儿童慢乙肝患者的HBsAg清除率高达52%，HBsAb阳性率高达47.6%,1,期刊导读,2019
T4C_干扰素,雨露肝霖,2019-08-12,【期刊导读】聚乙二醇干扰素α治疗儿童慢乙肝患者的临床治愈率超50%，维持应答率高达94%,1,期刊导读,2019
T4C_干扰素,雨露肝霖,2018-04-27,【Hepatology】最新证据：聚乙二醇干扰素α治疗儿童慢乙肝疗效和安全性良好,1,NEJM|Lancet|J Hepatol|Gastroenterology|Hepatology|JOH|JCTH,2018
T4C_干扰素,雨露肝霖,2024-06-19,【名家访谈】朱传武教授：应用免疫学指标更好地预测聚乙二醇干扰素α的疗效,2,专家访谈|名家访谈|大咖,2024
T4C_干扰素,雨露肝霖,2024-06-14,【名家访谈】韦嘉教授：慢乙肝儿童接受聚乙二醇干扰素α治疗可诱导免疫系统的建立，获益明显,2,专家访谈|名家访谈|大咖,2024
T4C_干扰素,雨露肝霖,2021-05-08,【中国派名家访谈】万谟彬教授：如何选择聚乙二醇干扰素α间歇治疗方案？,2,专家访谈|名家访谈|大咖,2021
T4C_干扰素,雨露肝霖,2024-01-05,【AASLD2023速递】治疗应答探索：差异表达基因或会影响慢乙肝患者对聚乙二醇干扰素α的应答,3,未命中,2024
T4C_干扰素,雨露肝霖,2024-03-15,【APASL2024速递】HBeAg阳性代偿期肝硬化患者使用聚乙二醇干扰素α-2b治疗的疗效更优,3,未命中,2024
T4D_新药研发,临床肝胆病杂志,2016-12-05,【推荐意见】慢性乙型肝炎核苷（酸）类似物经治患者抗病毒治疗专家共识：2016年更新,0,专家共识,2016
T4D_新药研发,肝脏时间,2024-06-09,EASL2024：反义寡核苷酸 (ASO) AHB-137慢乙肝一期临床数据显示良好的HBsAg清除疗效与安全性,1,HBsAg(清除|阴转|血清学转换),2024
T4D_新药研发,肝脏时间,2024-05-11,JOH：病毒进入抑制剂Bulevirtide单药治疗丁肝3期临床96周用药结果发表,1,NEJM|Lancet|J Hepatol|Gastroenterology|Hepatology|JOH|JCTH,2024
T4D_新药研发,中华肝脏病杂志,2024-11-29,「转」数据炸裂！反义寡核苷酸 (ASO) AHB-137用药12周慢乙肝HBsAg阴转率超60%,1,HBsAg(清除|阴转|血清学转换),2024
T4D_新药研发,肝脏时间,2024-11-21,数据炸裂！反义寡核苷酸 (ASO) AHB-137用药12周慢乙肝HBsAg阴转率超60%,1,HBsAg(清除|阴转|血清学转换),2024
T4D_新药研发,肝脏时间,2022-01-26,JOH：病毒进入抑制剂Bulevirtide单药治疗HDV相关肝硬化3年安全有效,1,NEJM|Lancet|J Hepatol|Gastroenterology|Hepatology|JOH|JCTH,2022
T4D_新药研发,中华肝脏病杂志,2021-03-03,「转」抗病毒治疗HBsAg清除后复阳与核苷（酸）类似物停药无关,1,HBsAg(清除|阴转|血清学转换),2021
T4D_新药研发,临床肝胆病杂志,2025-02-13,专家论坛｜梁携儿侯金林：乙型肝炎功能性治愈新药——聚焦反义寡核苷酸和小干扰RNA,2,专家论坛,2025
T4D_新药研发,肝胆相照平台,2022-04-15,学术争鸣：慢乙肝抗病毒治疗的初始治疗是选择核苷还是核苷酸？,2,学术争鸣,2022
T4D_新药研发,临床肝胆病杂志,2021-05-26,专家论坛｜丁艳华：慢性乙型肝炎抗病毒新药的临床研究,2,专家论坛,2021
T4D_新药研发,肝脏时间,2025-05-30,EASL2025：ALGS联手特宝生物研究靶向HBV的下一代反义寡核苷酸（ASO）,3,未命中,2025
T4D_新药研发,肝胆相照平台,2025-02-18,「转」梁携儿侯金林：乙型肝炎功能性治愈新药—聚焦反义寡核苷酸和小干扰RNA,3,未命中,2025
T4D_新药研发,肝脏时间,2025-02-12,神速推进！反义寡核苷酸(ASO)疗法在研乙肝新药AHB-137完成IIb期临床试验给药工作,3,未命中,2025
T4D_新药研发,雨露肝霖,2024-12-06,【AASLD2024速递】PD-L1抑制剂类乙肝新药研究进展汇总,3,未命中,2024
T4D_新药研发,肝胆相照平台,2024-04-30,中药联合抗病毒药物治疗乙肝肝硬化的疗效,3,未命中,2024
T4D_新药研发,肝脏时间,2024-09-10,在研乙肝新药反义寡核苷酸 (ASO) AHB-137已完成 II 期临床受试者招募？,3,未命中,2024
T4D_新药研发,肝脏时间,2024-09-24,恒瑞医药siRNA疗法在研乙肝新药HRS-5635进入2期临床,3,未命中,2024
T4D_新药研发,肝病知识,2024-07-13,核苷酸酶偏高是什么原因,3,未命中,2024
T4E_联合方案,中华肝脏病杂志,2019-05-31,【共识】非一线核苷（酸）类似物经治慢性乙型肝炎患者治疗策略调整专家共识,0,专家共识,2019
T4E_联合方案,肝脏时间,2025-04-06,APASL2025：Xalnesiran联合序贯PD-L1锁核酸治疗慢乙肝对HBsAg阴转疗效有限,1,HBsAg(清除|阴转|血清学转换),2025
T4E_联合方案,肝脏时间,2025-05-17,EASL2025：治疗性乙肝疫苗BRII-179和Elebsiran等序贯联合用药48周HBsAg阴转率超40%,1,HBsAg(清除|阴转|血清学转换),2025
T4E_联合方案,雨露肝霖,2025-03-04,【愈见乙肝2024】长期核苷治疗获HBsAg清除仍发生肝癌的慢乙肝患者术后采用PEG IFNα联合治疗有效改善预后,1,HBsAg(清除|阴转|血清学转换),2025
T4E_联合方案,雨露肝霖,2025-02-08,【期刊导读】新证据：非酒精性脂肪性肝病影响核苷（酸）类似物治疗慢乙肝的疗效,1,期刊导读,2025
T4E_联合方案,雨露肝霖,2025-03-10,【期刊导读】核苷序贯联合PEG IFNα-2b治疗可显著提高慢乙肝或代偿期肝硬化患者的HBsAg清除率,1,期刊导读,2025
T4E_联合方案,雨露肝霖,2023-10-30,【AASLD2023速递】乙肝新药JNJ-3989序贯联合聚乙二醇干扰素α有助于免疫耐受期患者的HBsAg清除及其持久性,1,HBsAg(清除|阴转|血清学转换),2023
T4E_联合方案,雨露肝霖,2022-06-08,【期刊导读】又一力证：干扰素α联合PD-1抗体是治疗肝癌有效的新策略,1,期刊导读,2022
T4E_联合方案,雨露肝霖,2022-05-12,【期刊导读】高分证据：干扰素α联合PD-1抗体是治疗肝癌有效的新策略,1,期刊导读,2022
T4E_联合方案,雨露肝霖,2021-06-09,【期刊导读】SWAP研究最终结果出炉：联合治疗与序贯治疗的疗效相当但复发率更低,1,期刊导读,2021
T4E_联合方案,肝胆相照平台,2021-08-06,张欣欣教授：TDF序贯加用干扰素治疗HBeAg阳性慢乙肝初治患者，HBsAg清除率更高！,1,HBsAg(清除|阴转|血清学转换),2021
T4E_联合方案,肝脏时间,2019-10-15,AASLD2019：[发生肝癌风险对比] 自发性HBsAg清除 VS. 核苷(酸)类似物HBsAg清除,1,HBsAg(清除|阴转|血清学转换),2019
T4E_联合方案,临床肝胆病杂志,2019-03-21,J Hepatol：HBsAg血清学清除能够进一步降低核苷类似物治疗后实现病毒完全抑制患者进展为肝癌的风险,1,NEJM|Lancet|J Hepatol|Gastroenterology|Hepatology|JOH|JCTH,2019
T4E_联合方案,雨露肝霖,2019-06-24,【期刊导读】Endeavor研究：序贯联合IFN、IL-2和治疗性疫苗治疗ETV经治慢乙肝患者可获得更高的HBsAg清除率,1,期刊导读,2019
T4E_联合方案,肝脏时间,2018-03-01,Hepatology：核酸聚合物REP 2139和核苷（酸）类似物联用能协同抗乙肝病毒,1,NEJM|Lancet|J Hepatol|Gastroenterology|Hepatology|JOH|JCTH,2018
T4E_联合方案,临床肝胆病杂志,2024-06-12,专家论坛｜鲁晓擘：一线核苷（酸）类似物经治的慢性乙型肝炎患者低病毒血症的发生及治疗策略,2,专家论坛,2024
T4E_联合方案,临床肝胆病杂志,2022-08-22,述评｜鲁凤民：衣壳组装调节剂联合核苷(酸)类似物治疗慢性乙型肝炎临床试验中亟待解决的科学问题,2,述评,2022
T4E_联合方案,肝胆相照平台,2021-03-11,「转」药物选择很关键！研究发现，相比核苷类似物，核苷酸类似物更能提高HBV相关HCC患者根治性切除术后的生存率 ｜ 大咖讲堂,2,专家访谈|名家访谈|大咖,2021
T4E_联合方案,肝脏时间,2025-05-11,EASL2025：在研乙肝新药Xalnesiran联合或序贯IFN治疗慢乙肝120周随访结果公布,3,未命中,2025
T4E_联合方案,肝脏时间,2024-06-10,EASL2024：JNJ-3989、JNJ-0535和NA序贯联合治疗慢乙肝数据公布,3,未命中,2024
T4E_联合方案,肝脏时间,2023-11-14,AASLD2023：Imdusiran (AB-729）联合序贯治疗性乙肝疫苗VTP-300部分临床数据公布,3,未命中,2023
T4E_联合方案,肝胆相照平台,2023-03-07,APASL 2023 精彩汇报丨廖运范教授：HBeAg阴性慢乙肝的核苷(酸)类似物有限疗程治疗,3,未命中,2023
T4E_联合方案,临床肝胆病杂志,2023-06-06,临床研究｜基线HBV血清标志物联合评分对核苷(酸)类似物抗病毒治疗慢性乙型肝炎患者HBeAg血清学转换的预测价值,3,未命中,2023
T4E_联合方案,肝脏时间,2023-05-01,做个调查：使用核苷（酸）类似物后HBsAg变化情况,3,未命中,2023
T4E_联合方案,肝脏时间,2022-08-22,「转」鲁凤民：衣壳组装调节剂联合核苷(酸)类似物治疗慢性乙型肝炎临床试验中亟待解决的科学问题,3,未命中,2022
T4E_联合方案,肝癌在线,2022-03-22,强强联合丨晚期HCC患者的福音--仑伐替尼序贯治疗,3,未命中,2022
T5_肝癌早筛,肝癌在线,2024-07-11,「转」NCCN指南 ｜ 肝细胞肝癌和胆道癌-指南更新要点,0,更新要点,2024
T5_肝癌早筛,肝癌在线,2024-06-27,核心要点 ｜ 乙肝病毒相关肝细胞癌抗病毒治疗中国专家共识(2023版),0,专家共识,2024
T5_肝癌早筛,肝癌在线,2023-02-10,乙肝病毒相关肝细胞癌抗病毒治疗中国专家共识(2023版) 发布！​,0,专家共识,2023
T5_肝癌早筛,中华肝脏病杂志,2021-06-22,【指南与共识】中国肝癌早筛策略专家共识,0,专家共识,2021
T5_肝癌早筛,中华肝脏病杂志,2021-10-22,【指南与共识】血液标志物用于临床肝细胞癌早期筛查的专家共识,0,专家共识,2021
T5_肝癌早筛,肝癌在线,2021-06-24,重磅发布丨《中国肝癌早筛策略专家共识》,0,专家共识,2021
T5_肝癌早筛,雨露肝霖,2025-06-06,EASL2025丨新建列线图模型可预测慢乙肝患者Peg-IFNα停药后96周时的HBsAg清除,1,HBsAg(清除|阴转|血清学转换),2025
T5_肝癌早筛,肝癌在线,2024-08-02,JOH ｜ 肝切除后肝细胞癌（HCC）侵袭性复发的关键组织学预测因素,1,NEJM|Lancet|J Hepatol|Gastroenterology|Hepatology|JOH|JCTH,2024
T5_肝癌早筛,中华肝脏病杂志,2024-07-17,「转」JCTH｜肝细胞癌的超声检查：从诊断到预后,1,NEJM|Lancet|J Hepatol|Gastroenterology|Hepatology|JOH|JCTH,2024
T5_肝癌早筛,雨露肝霖,2024-02-06,【期刊导读】吴超教授团队：无创诊断模型APG列线图可准确预测不确定期慢乙肝患者的显著肝脏炎症,1,期刊导读,2024
T5_肝癌早筛,肝癌在线,2023-01-04,「转」JCTH ｜ GALAD评分在肝细胞癌早诊和局部消融术后随访的有效性评估,1,NEJM|Lancet|J Hepatol|Gastroenterology|Hepatology|JOH|JCTH,2023
T5_肝癌早筛,中华肝脏病杂志,2022-02-17,「转」JCTH ｜ 基于二维剪切波弹性成像的列线图对慢加急肝衰竭患者预后的预测价值,1,NEJM|Lancet|J Hepatol|Gastroenterology|Hepatology|JOH|JCTH,2022
T5_肝癌早筛,中华肝脏病杂志,2021-09-18,【肝癌】卫晶：他汀类药物对慢性肝病肝细胞癌风险影响的Meta分析,1,荟萃分析|系统评价|Meta,2021
T5_肝癌早筛,雨露肝霖,2020-12-10,【期刊导读】超声扫描或甲胎蛋白筛查可降低慢乙肝患者肝癌相关死亡风险,1,期刊导读,2020
T5_肝癌早筛,临床肝胆病杂志,2019-06-24,J Hepatol：体力活动可以降低约45%的肝细胞癌风险,1,NEJM|Lancet|J Hepatol|Gastroenterology|Hepatology|JOH|JCTH,2019
T5_肝癌早筛,临床肝胆病杂志,2018-12-14,Hepatology：美国男性和女性的饮食模式和肝细胞癌的风险,1,NEJM|Lancet|J Hepatol|Gastroenterology|Hepatology|JOH|JCTH,2018
T5_肝癌早筛,中华肝脏病杂志,2025-05-14,述评 ｜ 南月敏：肝细胞癌早诊早治技术研究进展与临床应用,2,述评,2025
T5_肝癌早筛,肝癌在线,2024-07-04,大咖专访 ｜ 谢青教授：数字化医疗推动肝癌早筛早诊,2,专家访谈|名家访谈|大咖,2024
T5_肝癌早筛,肝癌在线,2024-07-09,大咖专访 ｜ 陈拥军教授：肝癌早筛及综合治疗策略,2,专家访谈|名家访谈|大咖,2024
T5_肝癌早筛,中华肝脏病杂志,2022-09-30,专家论坛 ｜ 魏卫卫 陈锦章：液体活检在肝细胞癌早筛和复发预测中的应用,2,专家论坛,2022
T5_肝癌早筛,临床肝胆病杂志,2022-02-07,专家论坛｜刘景丰：生物信息学在肝细胞癌风险预测中的应用,2,专家论坛,2022
T5_肝癌早筛,中华肝脏病杂志,2022-09-23,述评｜侯金林：多组学研究助力肝癌早筛早诊早治,2,述评,2022
T5_肝癌早筛,肝癌在线,2021-08-27,「转」专家论坛｜肝细胞癌的靶向治疗,2,专家论坛,2021
T5_肝癌早筛,中华肝脏病杂志,2021-06-15,「转」大咖访谈丨谢青教授：建立肝癌早筛新模式，推进我国肝癌筛查与监测,2,专家访谈|名家访谈|大咖,2021
T5_肝癌早筛,中华肝脏病杂志,2021-05-17,【专家论坛】李若坤：肝细胞癌规范化筛查及早期影像诊断策略,2,专家论坛,2021
T5_肝癌早筛,中华肝脏病杂志,2021-05-11,【述评】侯金林：创建医院社区一体化“金字塔”肝癌筛查模式，实现肝癌早筛早诊早治,2,述评,2021
T5_肝癌早筛,肝胆相照平台,2019-01-29,【学术争鸣】AFP在肝癌筛查中的意义,2,学术争鸣,2019
T5_肝癌早筛,中华肝脏病杂志,2019-11-26,【述评】侯金林：行动起来，全力推动肝癌早筛早诊早治,2,述评,2019
T5_肝癌早筛,肝癌在线,2025-01-07,「转」科技助力肝病防控：乙肝管理数智化与肝癌早筛突破,3,未命中,2025
T5_肝癌早筛,临床肝胆病杂志,2025-01-15,临床研究｜慢性乙型肝炎患者发生肝癌的危险因素分析及列线图预测模型构建,3,未命中,2025
T5_肝癌早筛,肝胆相照平台,2025-04-07,孙超主任团队发现：纳入GLIM标准的列线图能够预测住院肝硬化患者的长期死亡率,3,未命中,2025
T5_肝癌早筛,肝胆相照平台,2025-04-09,窦晓光教授：乙肝肝硬化“破局”之策-早筛、早诊、早治是关键,3,未命中,2025
T6_长期管理,中华肝脏病杂志,2019-08-26,「转」【共识】慢性乙型肝炎临床治愈（功能性治愈）专家共识,0,专家共识,2019
T6_长期管理,雨露肝霖,2019-08-21,中文版来了！慢性乙型肝炎临床治愈（功能性治愈）专家共识,0,专家共识,2019
T6_长期管理,肝胆相照平台,2021-11-02,慢性乙型肝炎临床治愈170例分析,1,临床治愈,2021
T6_长期管理,雨露肝霖,2019-11-01,广东省扬帆领航，取得“中国慢性乙型肝炎临床治愈（珠峰）工程”项目阶段性成果,1,临床治愈,2019
T6_长期管理,临床肝胆病杂志,2018-01-29,Hepatology：重组乙型肝炎病毒共价闭合环状DNA在小鼠模型中长期持留并诱导慢性肝炎,1,NEJM|Lancet|J Hepatol|Gastroenterology|Hepatology|JOH|JCTH,2018
T6_长期管理,临床肝胆病杂志,2017-08-08,孙剑教授谈：我国乙型肝炎长期随访队列的建设,1,队列,2017
T6_长期管理,临床肝胆病杂志,2014-07-08,Hepatology∶干扰素治疗丁型肝炎的长期随访结果,1,NEJM|Lancet|J Hepatol|Gastroenterology|Hepatology|JOH|JCTH,2014
T6_长期管理,雨露肝霖,2025-02-18,「转」专家论坛｜高志良：慢性乙型肝炎功能性治愈离完全治愈还有多远？,2,专家论坛,2025
T6_长期管理,临床肝胆病杂志,2025-02-14,专家论坛｜高志良：慢性乙型肝炎功能性治愈离完全治愈还有多远？,2,专家论坛,2025
T6_长期管理,临床肝胆病杂志,2025-02-11,述评｜庄辉院士：慢性乙型肝炎功能性治愈不是梦,2,述评,2025
T6_长期管理,雨露肝霖,2023-05-24,【名家访谈】尚佳教授：如何与乙肝患者沟通，提升治疗依从性,2,专家访谈|名家访谈|大咖,2023
T6_长期管理,临床肝胆病杂志,2023-08-30,专家论坛｜李军：慢性乙型肝炎合并非酒精性脂肪性肝病——当前的认识与争议,2,专家论坛,2023
T6_长期管理,临床肝胆病杂志,2023-02-02,述评｜庄辉院士：扩大慢性乙型肝炎治疗,2,述评,2023
T6_长期管理,临床肝胆病杂志,2022-08-31,专家论坛｜张继明：影响慢性乙型肝炎功能性治愈的因素及其机制,2,专家论坛,2022
T6_长期管理,中华肝脏病杂志,2021-09-09,【专家论坛】吴玉章：慢性乙型肝炎治疗性疫苗研究进展,2,专家论坛,2021
T6_长期管理,临床肝胆病杂志,2021-05-28,专家论坛｜侯金林：靶向适应性免疫治愈慢性乙型肝炎策略及进展,2,专家论坛,2021
T6_长期管理,临床肝胆病杂志,2021-05-27,专家论坛｜陈学福：慢性乙型肝炎的治疗现状,2,专家论坛,2021
T6_长期管理,中华肝脏病杂志,2020-03-30,【专家论坛】宓余强：慢性乙型肝炎合并非酒精性脂肪性肝病的特征及诊治对策,2,专家论坛,2020
T6_长期管理,临床肝胆病杂志,2020-06-11,述评｜杨东亮：免疫控制与慢性乙型肝炎功能性治愈的进展与挑战,2,述评,2020
T6_长期管理,中华肝脏病杂志,2019-03-29,【专家论坛】以母婴阻断为目的的抗乙型肝炎病毒药物治疗的停药时间,2,专家论坛,2019
T7_联盟建设,肝癌在线,2024-03-06,64%肝癌患者初诊时已中晚期？这份专家共识更新，推进诊疗规范化进程,0,专家共识,2024
T7_联盟建设,肝癌在线,2024-10-11,「转」标准与规范 ｜ 钇-90微球选择性内放射治疗肝脏恶性肿瘤规范化操作专家共识（2024版）,0,专家共识,2024
T7_联盟建设,临床肝胆病杂志,2021-08-04,权威发布｜干细胞移植规范化治疗肝硬化失代偿的专家共识(2021),0,专家共识,2021
T7_联盟建设,肝胆相照平台,2019-10-19,《脂肪性肝病诊疗规范化专家建议》更新！32条推荐建议抢先看！,0,专家建议,2019
T7_联盟建设,中华肝脏病杂志,2019-10-21,【共识】中国脂肪性肝病诊疗规范化的专家建议 （2019年修订版）,0,专家建议,2019
T7_联盟建设,临床肝胆病杂志,2019-11-06,脂肪性肝病诊疗规范化的专家建议(2019年修订版),0,专家建议,2019
T7_联盟建设,雨露肝霖,2025-05-28,【内附视频】乙肝临床治愈门诊规范化建设与能力提升项目第十期理论学习班在乌鲁木齐顺利举办,1,临床治愈,2025
T7_联盟建设,雨露肝霖,2025-01-14,乙肝临床治愈门诊规范化建设与能力提升项目第七期理论学习班在昆明圆满落幕,1,临床治愈,2025
T7_联盟建设,雨露肝霖,2025-04-23,乙肝临床治愈门诊规范化建设与能力提升项目第九期理论学习班在成都圆满举行,1,临床治愈,2025
T7_联盟建设,雨露肝霖,2025-03-25,乙肝临床治愈门诊规范化建设与能力提升项目第八期理论学习班在广州成功举办,1,临床治愈,2025
T7_联盟建设,雨露肝霖,2024-01-23,乙肝临床治愈门诊规范化建设与能力提升项目第一期理论学习班在海口顺利举办,1,临床治愈,2024
T7_联盟建设,雨露肝霖,2024-05-14,乙肝临床治愈门诊规范化建设与能力提升项目第三期理论学习班在西安顺利召开,1,临床治愈,2024
T7_联盟建设,雨露肝霖,2024-03-19,乙肝临床治愈门诊规范化建设与能力提升项目第二期理论学习班在合肥圆满举办,1,临床治愈,2024
T7_联盟建设,雨露肝霖,2024-08-06,乙肝临床治愈门诊规范化建设与能力提升项目第五期理论学习班在郑州顺利举办,1,临床治愈,2024
T7_联盟建设,雨露肝霖,2024-11-05,乙肝临床治愈门诊规范化建设与能力提升项目第六期理论学习班在厦门圆满举行,1,临床治愈,2024
T7_联盟建设,雨露肝霖,2024-07-09,乙肝临床治愈门诊规范化建设与能力提升项目第四期理论学习班在沈阳圆满举办,1,临床治愈,2024
T7_联盟建设,雨露肝霖,2024-01-11,国家卫生健康委医院管理研究所关于开展乙肝临床治愈门诊规范化建设与能力提升项目基地申报工作的通知,1,临床治愈,2024
T7_联盟建设,肝博士,2025-05-19,兰州大学第二医院“肝影追踪者联盟” ｜  “肝胆好医声”西安站参赛团队掠影,3,未命中,2025
T7_联盟建设,肝博士,2025-05-16,山西白求恩医院守望者联盟 ｜  “肝胆好医声”西安站参赛团队掠影,3,未命中,2025
T7_联盟建设,临床肝胆病杂志,2025-03-18,柳荫·LIVE｜华夏肝脏病学联盟「胆石症治疗新思路」研讨会,3,未命中,2025
T7_联盟建设,肝胆相照平台,2024-11-29,共研医理，同悟医谛 ｜ 华东南中医肝病联盟疑难病例讨论会(第四季度)启幕在即,3,未命中,2024
T7_联盟建设,肝胆相照平台,2024-03-20,奋启新程 肝愈未来-肝胆慢病规范化管理防治能力提升项目启动会在京圆满召开！,3,未命中,2024
T7_联盟建设,肝胆相照平台,2024-11-11,数智赋能医防融合，加速消除肝病危害 ｜ Sunshine-LINK全国项目和MedAI肝病数字健康平台创新科技展正式起航,3,未命中,2024
T7_联盟建设,肝胆相照平台,2023-04-25,【医战到底】激情抢答 云端对战，开启酒精性肝病诊疗新规范,3,未命中,2023
